episode,reward,steps
1,-30.5,52
2,-4.715908735990537,69
3,90.44191918373019,500
4,-1000.0,500
