episode,reward,steps
1,-69.9,57
2,-1.5257058113813082,140
3,-50.356278553605,216
4,9.820570921897666,500
