episode,reward,steps
1,-4.9682480351975755e-15,63
2,-11.50509703755366,274
3,-3.748477917910202,304
4,165.72256058156327,500
