episode,reward,steps
1,-5.3000000000000025,52
2,-0.9147620618340767,345
3,-82.7704241514206,61
4,-0.6631576985120274,71
5,-42.470055213570554,165
