episode,reward,steps
1,-5.300000000000005,52
2,0.6858337134122805,52
3,-0.4151219487190293,52
4,-6.726162880659116,52
5,-49.88775416016578,52
