episode,reward,steps
1,19.152501243353242,500
2,-42.34285076558587,93
3,-9.67937930822372,52
4,-26.06781151294707,52
