episode,reward,steps
1,-1000.0,500
2,-20.60546333789852,209
3,381.66424662769225,500
