episode,reward,steps
1,1.0000000000000013,52
2,-36.32419267594814,54
3,-93.0611474454403,96
4,-86.2782097518444,66
